Contract_No.,Owner,Price,New_owner,Percent
1,Helen Rosario,1732378,Inga Little,3
2,Vielka Hewitt,1957895,Quynn Gilbert,9
3,Raymond Craft,1408572,Rahim Jennings,4
4,Drew Mcbride,1449919,Lewis Roberson,3
5,George Carver,2876737,Axel Craig,2
6,Xyla Yang,2259036,Rylee Peterson,7
7,Roanna Mckenzie,2864977,Natalie Simmons,8
8,Rahim Powell,2823684,Lee Bell,3
9,Angelica Best,2116025,Yoshi Wolfe,8
10,Clio Baker,1340336,Gary Hale,2
11,Armando Landry,1613647,Galvin Marsh,6
12,Rylee Johnson,2158330,Levi Clark,8
13,Briar Forbes,1941840,Rogan Flowers,5
14,Rachel Galloway,1190598,Erasmus Hardy,4
15,Sylvia Scott,1770916,Benjamin Delacruz,5
16,Hayes Waters,2821755,Armand Johns,7
17,Tobias Beck,2007723,Kylee Fowler,9
18,Avram Newton,2493858,Aladdin Spencer,4
19,Lesley Norris,2885452,Simone Clements,8
20,Zachary Cruz,1754751,Vera Middleton,1
21,Gloria Olson,1083974,Cullen Barlow,2
22,Quon Garza,2862311,Allen Conway,5
23,Kamal Douglas,1439144,Norman Sutton,6
24,Julie Trevino,1962008,Kristen Ware,7
25,Jessica Kerr,2795362,Leila Carey,10
26,Tad Pena,1125152,Cullen Mooney,3
27,Quentin Harrington,1744425,Karyn Knapp,6
28,Ima Stevenson,1943807,Addison Mathis,6
29,Keith Ingram,1641720,Samson Gillespie,3
30,Gloria Barr,2618192,Palmer Goodwin,10
31,Jeremy Padilla,1528230,Quamar Carter,1
32,Bryar Kinney,1065104,Sierra Eaton,3
33,Jermaine Gardner,1209205,Gavin Powers,8
34,Chancellor Marsh,2625263,Ingrid Massey,9
35,Phillip Bean,2273551,Devin Ryan,8
36,Bertha Rocha,2347437,Driscoll Robinson,7
37,Porter Brock,1964017,Sharon Hansen,5
38,Evan Mcintyre,2179637,Colby Olsen,10
39,Jarrod Barrera,1503903,Hakeem Macias,7
40,Daryl Gilliam,2366974,Elmo Roth,8
41,Ramona Roman,2780542,Rama Macdonald,4
42,Elvis Tillman,1875999,Quentin Wiggins,9
43,Wang Talley,2273131,Thane Mosley,9
44,Dara Reynolds,2597486,Drake Gross,2
45,Hiram Bruce,1679557,Isabella Rowe,6
46,Chelsea Whitehead,1004456,Ashton Owen,6
47,Aileen Barnes,2254981,Baxter Todd,6
48,Evelyn Hyde,1962966,Joel Dillard,7
49,Zena Nelson,2370286,Finn Everett,2
50,Miriam Mcdowell,2451085,Avram Martinez,7
51,Jack Mason,1685933,Lana Dale,9
52,Molly Harrell,1518746,Felix Avery,5
53,Leigh Buckley,2593795,Perry Carver,4
54,Abraham Bennett,2381347,Tamekah Fletcher,7
55,Mohammad May,1100872,Gabriel Ray,2
56,Clinton Alford,2212483,Xavier Vazquez,5
57,Jerome Benton,2331162,Jameson Neal,2
58,Bert Patrick,1286804,Myra Sanchez,2
59,Darrel Albert,2629387,Kasper Rocha,7
60,Jacob Holmes,1155190,Ciaran Ford,9
61,Yen Olsen,2658291,Lee Jacobson,9
62,Gil Bryan,2697316,Graiden Waller,2
63,Winifred Barrera,1393547,Iola Aguilar,4
64,Sybill Dudley,2793607,Kay Herrera,9
65,Carl Lee,1526724,Zachery Mann,9
66,Julie Davidson,1387693,Basil Howard,8
67,Eric Patrick,1652968,Nora Conley,7
68,Phillip Spencer,1938890,Brett Gibbs,2
69,Geraldine Mcneil,1066842,Melinda Tillman,2
70,Francis O'connor,1618901,Nicholas Parsons,4
71,Darrel Rose,1134325,Colt Rasmussen,4
72,Wyoming Sanders,2462923,Yoshi Lopez,4
73,Dustin Travis,2987942,Raja Allison,9
74,Eaton Haynes,1352925,Anastasia Padilla,7
75,Buckminster Clemons,1723645,Zenia Peters,9
76,Vance Holmes,2702666,Fiona Evans,3
77,Shafira Duncan,2603286,Yen Knapp,9
78,Judah Barton,2753483,Xenos Alexander,9
79,Haviva Mays,1142894,Beau Warren,8
80,Zelda Dale,1805459,Galena Ray,10
81,Michael Snyder,1713177,Walker Schmidt,5
82,Myles Britt,1521073,Hillary Mueller,9
83,Ginger Callahan,1114025,Leah Hines,6
84,Desiree Anthony,1489443,Shea Bolton,5
85,Dara Watts,2168318,Maisie Lane,5
86,Uriel Colon,2248894,Gwendolyn Reynolds,7
87,Baker Rojas,2859420,Brielle Moore,7
88,August Quinn,1448771,Jackson Santos,6
89,Peter Cash,2262148,Whoopi Ramirez,8
90,Wade Stanley,1554332,Renee Barton,8
91,Pandora Maldonado,2024092,Asher Talley,8
92,Orlando Ayala,1512916,Ralph Logan,2
93,Gabriel Duran,1856807,Charlotte Horton,4
94,Rahim Walter,1668425,Amir Wyatt,6
95,Phillip Ewing,1463054,Ahmed Finley,7
96,Charlotte Marquez,2548395,Nash Greene,7
97,Maisie Giles,1341370,Cynthia Beasley,9
98,Wanda Landry,2172645,Stacey Gillespie,5
99,Stephanie Zamora,1622308,Felicia Fields,9
100,Blaze Jacobson,1556207,Martina Oliver,6
101,Blake Holden,2926066,Magee Harrison,4
102,Aphrodite Montoya,2041835,Reuben Boone,8
103,Sigourney Anderson,2467375,Nehru Buck,5
104,Lavinia Anthony,1418452,Daryl Shaw,3
105,Neville Bennett,1514962,Paul Pierce,2
106,Liberty Delaney,2367470,Chiquita Levine,5
107,Akeem Reyes,2292738,Elvis Byers,6
108,Cailin Finley,1995208,Katelyn Ballard,5
109,Chiquita Ayala,2881088,May Lane,7
110,Berk Clayton,1691712,Holly Hoover,4
111,Ali Shelton,2696857,Evan Langley,8
112,Virginia Montoya,2622175,Kaye Chan,9
113,Vincent Mathis,1221672,Daniel Chavez,5
114,Channing Cook,2068004,Camilla Clark,2
115,Kyra Whitney,2417394,Destiny Phillips,9
116,Allistair Larson,1863880,Deanna Olsen,6
117,Omar Scott,1246390,Rana Barnes,8
118,Deirdre Coleman,2577408,Sigourney Underwood,6
119,Justina Barry,1051214,Lydia Valenzuela,1
120,Ira Holloway,1065675,Baxter Case,9
121,Ruby Sellers,2201983,Evan Camacho,7
122,Michelle Vang,1403954,Logan Wynn,8
123,Aretha Pierce,2297416,Derek Fulton,5
124,Brooke Carr,1002303,Wang Morgan,4
125,Yvonne Elliott,2695400,Ronan Wyatt,2
126,Sigourney Huffman,2913391,Harlan Hudson,7
127,Talon Franklin,2181713,Aladdin Floyd,8
128,Caldwell Moody,1471481,Alan Mullen,10
129,Mark Trevino,2830597,Edan Livingston,7
130,Willow Merrill,1222778,Jamalia Mitchell,1
131,Dara Marshall,1317494,Vladimir Levy,1
132,Kylan Rodgers,2182592,Autumn Best,5
133,Hyacinth Glass,1223020,Jasmine Potter,10
134,Hoyt Bryant,1401983,Slade Cervantes,4
135,Juliet Moran,2231581,Tanek Norton,2
136,Leslie Pena,1442722,Vladimir Richardson,2
137,Brock Whitfield,1244877,Ashton Ramos,6
138,Chloe Humphrey,2146652,Oleg Robertson,4
139,Flavia Long,1328905,Pandora Alston,3
140,Alyssa Reeves,1957635,Margaret Henry,5
141,Fiona Lawson,2963052,Hall Rivas,4
142,Megan Cherry,1725579,Nerea Jennings,10
143,Duncan Kline,1721038,Sharon Langley,2
144,Alden Barlow,2689499,Brielle Flores,2
145,Upton Frederick,1501129,Cailin Russell,7
146,Timothy Horn,1001581,Nerea Mcintyre,3
147,Keaton Lane,1760621,Jared Lane,5
148,Blythe Roach,2250715,Lev Hansen,6
149,Elvis Washington,2092634,Xander Jefferson,6
150,Cameran Sargent,2528644,Quentin Daniel,4
151,Medge Sellers,2556555,Martin Rosario,2
152,Hunter Sosa,2777018,Kenneth Webb,10
153,Kato Arnold,1016221,Harlan Parrish,9
154,Lionel Norris,2373038,Anne Parks,9
155,Ariana Perry,2837498,Gisela Wilkins,7
156,Allegra Glass,1063004,Priscilla Frye,4
157,Christine Riley,2976186,Blossom Buckner,10
158,Lareina Welch,2721842,Savannah Hull,3
159,Burke Bonner,1575617,Rajah Mckee,6
160,Otto Mccarthy,1396819,Yolanda Shelton,5
161,Uma Rivers,1220835,Lesley Lee,2
162,Julian Glenn,1823047,Chantale Humphrey,9
163,Cairo Park,2274353,Jakeem Barrera,7
164,Kevin Long,1068849,Caldwell Pitts,6
165,Nigel Hebert,2431104,Nell English,2
166,Raymond Harrison,1297481,Ira Gallegos,8
167,Theodore Berg,1722610,Madonna Blake,10
168,Jemima Dyer,2572239,Dylan Fisher,9
169,Oleg Pearson,2696717,Nayda Buckner,9
170,Uma Schultz,2128335,Neve Livingston,5
171,Clementine Brady,2727283,Dolan Phelps,6
172,Pearl Mcpherson,1540129,Renee Kline,6
173,Eliana Wyatt,1217146,Tashya Glass,5
174,Elijah Faulkner,2270830,Stuart Weaver,5
175,Britanney Hoffman,1963740,Lee Avery,5
176,Fuller Richardson,1820206,Morgan Pope,6
177,Winifred Riley,2285003,Christopher Hodge,5
178,Madaline Joyce,2421451,Zahir Miranda,7
179,Vance Santos,2512558,Anastasia Nguyen,10
180,Molly Palmer,1612313,Kato Vasquez,7
181,Megan Gonzalez,2393841,Driscoll Medina,3
182,Fay Wilkins,1421913,Hyacinth Browning,3
183,Juliet Byrd,2817604,Beverly Flynn,2
184,Macaulay Ryan,1359122,Upton Blanchard,7
185,Aspen Tran,1847852,Christine Ware,2
186,Desiree Burt,2872107,Lester Harmon,2
187,Hyacinth Whitney,1726317,Carlos Moss,2
188,Karyn House,1817891,Cheyenne Mcbride,6
189,Zelenia Schwartz,1082663,Xaviera Suarez,5
190,Aaron Harrell,2115535,Hope Bird,10
191,Urielle Owen,2319003,Karen Patton,6
192,Piper George,2402585,Kennedy Cummings,10
193,Sacha Gonzales,1838943,Claire Sharpe,3
194,Macey Joyner,2697829,Brittany Frost,4
195,Gwendolyn Lowe,2076680,Jeremy Hubbard,7
196,Lael Mills,2730966,Nero Wise,9
197,Kieran Middleton,1575925,Inga Blevins,3
198,Eliana Thornton,1683013,Nita Haley,6
199,Brandon Phillips,1275596,Lee Barber,7
200,Vincent Snyder,2836042,Karly Cantrell,6
201,Abigail Harrell,1728275,Dahlia O'connor,1
202,Rhonda Vega,1692714,Vaughan Carrillo,8
203,Stone Dejesus,2802439,Hakeem Noel,6
204,Leah Lambert,1698517,Graiden Coleman,8
205,Omar Gentry,2008068,Griffin Norton,9
206,Amethyst Castaneda,2414739,Mechelle Small,5
207,Donna Mathews,2102770,Macy Jefferson,2
208,Dante Serrano,1591820,Pearl Cain,3
209,Adena Beasley,2327711,Alan Riddle,10
210,Mechelle Sharp,2118376,Philip Duffy,2
211,Oren Wood,2878766,Nomlanga Romero,8
212,Solomon Gomez,2773145,Trevor Mccullough,9
213,Jelani Walls,2447506,Nigel Olson,4
214,Iris Vargas,1991418,Stewart Hill,8
215,Martina Berg,2618766,Owen West,4
216,Zelenia Villarreal,1188788,Yael O'Neill,1
217,Brenden Sears,2314560,Xenos Allison,4
218,Zachery Ferrell,2017437,TaShya Walter,6
219,Elliott Sparks,2962783,Isadora Hoffman,4
220,Robin Middleton,1724603,Dominique Carpenter,2
221,Kirsten Franklin,2929416,Curran Mcleod,2
222,Shoshana Sharp,2753193,Abra Owens,6
223,Sylvester Hatfield,1838418,Emerson Pitts,5
224,Caleb Spears,2364144,Willa Schultz,2
225,Colleen Fields,1273396,Hermione Hart,3
226,Xandra Tate,1547502,Hoyt Kelley,5
227,Len Goodman,2558673,Mason Webster,8
228,Quintessa Lambert,1996925,Drew Cote,9
229,Melodie Underwood,2679349,Ivor Kent,7
230,Duncan Brady,1141885,Dexter Ramsey,3
231,Yolanda Dunn,1714908,Emerson Sampson,8
232,Uriah Knowles,1842887,Maxwell Rojas,2
233,Nina Booth,2926190,Drew Goodwin,7
234,Isabella Richards,2829581,Zane Terrell,3
235,Dorothy Crane,1128225,Deborah Swanson,6
236,Callie Sharp,1455852,Mikayla Burke,6
237,Dalton Mullins,2702425,Quentin Whitley,6
238,Alfreda Burns,2265924,Shellie Richardson,10
239,Clarke Wells,2244509,Macey Meadows,10
240,Allistair Lee,1622462,Eliana Ball,3
241,Ignatius Mccarty,1697403,Tashya Johnson,1
242,Marvin Branch,1769521,Jessamine Salas,10
243,Chase Barr,2148274,Dale Hale,6
244,Bevis Matthews,1375404,Russell Henry,8
245,Mariko Burch,2527499,Jemima Palmer,5
246,Darrel Adams,2835303,Phillip Coffey,4
247,Dante Grimes,2267724,Selma Rowe,10
248,Ina Patton,2231472,Ava Mendoza,9
249,Mira Suarez,1847855,Hadley Pittman,5
250,Melodie Hobbs,1710340,Shannon Burt,5
251,Giacomo Keith,1012207,Jared Harrison,9
252,Axel Freeman,2466242,Zelenia Bonner,2
253,Adara Wilder,2090181,Jasmine Compton,4
254,Urielle Salas,2704720,Deacon Fitzgerald,5
255,Hakeem Rollins,2524134,Pandora Simpson,3
256,Ebony Craig,1339133,Ima Gay,5
257,Tana Daniel,1994528,Brianna Delaney,2
258,Damon Craig,1988711,Karen Banks,7
259,Lani Cruz,1571670,Jana Frost,9
260,Nerea Castro,1214688,Zachery Prince,2
261,Martha Love,2317265,Slade Lawson,7
262,James Spencer,2118436,Karleigh Le,10
263,Morgan Mccoy,2678790,Russell Cole,6
264,Candice Gillespie,2599773,Jennifer Cleveland,9
265,Allistair Combs,1840398,Steel Moody,9
266,Leah Christensen,2353405,Idola Bridges,8
267,Sopoline O'connor,1754133,Jorden William,7
268,Tatiana Mcdaniel,1427233,Caleb Mayer,3
269,Hanna Richmond,1715483,Adrienne Rodriquez,5
270,Nola Flynn,2438271,Tashya Calderon,8
271,Martina Olson,2125262,Liberty Guerrero,6
272,Gil Wagner,1939490,Charde Cantu,8
273,Nigel Christensen,2312999,Yoko Pace,7
274,Willow Carver,2746350,Wynne Sanders,6
275,Garth Mcgowan,1388505,Sawyer Sheppard,9
276,Wylie Shaw,2291630,Carla Waller,7
277,Tucker Pruitt,1267676,Burton Cooke,6
278,Renee Marquez,2296577,Lysandra Rosa,2
279,Jamalia Morin,2178712,Keith Glover,4
280,Jelani Barber,1312275,Kieran Riley,8
281,Karina Pate,2165334,Isabella Kramer,2
282,Serina Weaver,2624620,Randall Caldwell,5
283,Hillary Jarvis,2211119,Gannon Patton,6
284,Aline Reed,1307184,Quinn Estes,6
285,Ralph Price,1665649,Orlando Carey,7
286,Remedios Schneider,2708786,Fallon Russell,9
287,Kaye Ortiz,2625001,Germaine Pierce,9
288,Rae Haley,2422290,Zeus Sharpe,2
289,Vivian Hill,2747428,Sandra Barker,4
290,Linda Cole,1106648,Garth Arnold,2
291,Libby Burks,1954456,Brynn Fox,8
292,Cynthia Kemp,1126391,Rashad Santos,5
293,Alexandra Moody,2468970,Nicholas Bright,3
294,Jacqueline Hubbard,1288960,Karly Spencer,7
295,Guy Holcomb,1111471,Clayton Eaton,7
296,Christen Gonzalez,1094669,Sonia Summers,7
297,Karly Figueroa,2612379,Molly Gallegos,9
298,Hedwig Weiss,1353677,Dillon Pate,4
299,Lucius Frazier,1823535,Len Hines,7
300,Craig Heath,1430147,Madison Hunt,8
301,Cairo Hebert,2030104,Lucius Lara,8
302,Cassandra Nolan,1451759,Quamar Daugherty,8
303,Kimberley Stein,1888222,Chava Whitley,8
304,Philip Carney,1912569,Macey Tran,3
305,Odette Padilla,1290712,Lane Monroe,7
306,Cameron Acevedo,1145879,Hayley Carroll,7
307,Isadora Foley,2208919,Maile Cunningham,3
308,Kai Schmidt,2969581,Cullen Nielsen,2
309,Winter Whitaker,1215839,Chandler Jefferson,7
310,Brynne Hawkins,2312081,Jolene Patrick,7
311,Merrill Duke,2313198,Abraham Horne,7
312,Armand Cain,2256497,Serina Willis,2
313,Rina Newton,2485949,Margaret Rivas,3
314,Aurora Valenzuela,2250673,Carson Austin,2
315,Jonah Mueller,1407771,Molly Rosario,6
316,Denton Cameron,2799131,Maia Mclean,10
317,Beverly Oneal,2980737,Clio Farley,7
318,Gil Booker,2409070,Erica Bradshaw,4
319,Marah Walls,2422173,Xavier Palmer,5
320,Melvin Bridges,2610652,Kenyon Holmes,6
321,Hamilton Wilkinson,2143031,Brian Reeves,5
322,Denton Delaney,2258195,Illana Spencer,6
323,Xenos Schultz,2801385,Briar Marquez,3
324,Hashim Waller,1280150,Nathaniel Mcbride,6
325,Levi Rasmussen,1582127,Lacey Ramos,6
326,Odysseus Barker,2096809,Clayton Woodard,4
327,Nehru Lynch,2738945,Joan Moon,4
328,Renee Valentine,1974711,Daphne Carroll,5
329,Benedict Tate,2634605,Stephanie Hahn,8
330,Len Landry,2756675,Rogan Haley,2
331,Ishmael Cain,2058406,Russell Roth,4
332,Jerry Blair,1929792,Colt Woodard,9
333,Madonna Roth,2809727,Chiquita Diaz,3
334,Maya Preston,1895420,Michelle Chavez,7
335,Zeus Williams,2916043,Cecilia Rojas,3
336,Kameko Donovan,1416538,Porter Cervantes,6
337,Yolanda Rosario,2447961,Leroy Hancock,8
338,Michelle Erickson,1755438,Savannah Nielsen,5
339,Maggie Castillo,2371233,Martina Perry,10
340,Kimberly Ayala,1161569,Hiram West,4
341,Peter Harrell,1437686,Giacomo Kennedy,6
342,Bradley Perkins,2539151,Germane Parker,2
343,Xaviera Barnes,1643744,Erin Talley,9
344,Solomon Stuart,1305703,Jerry Davidson,7
345,Gay Freeman,2704711,Nyssa Ellison,4
346,Odysseus Frazier,2309303,Eve Guzman,8
347,Brent Lane,1969809,Rooney Robinson,3
348,Stewart Dodson,1348882,Macey Dickerson,9
349,Colorado Bonner,1147638,Lacey Blake,3
350,Janna Myers,1500729,Mira Bradshaw,5
351,Lionel Baker,1966725,Leroy Meyer,1
352,Maile Fox,1072619,Eric Howell,5
353,Hakeem Morrow,2944298,Steven Brennan,5
354,Demetrius Pennington,1644930,Debra Good,9
355,Damian Hooper,1014819,Kuame Watts,3
356,Doris Park,2303985,Jolie Head,10
357,Dale Saunders,1035375,Maite Banks,1
358,Teegan Crane,2990644,Zachery Jefferson,4
359,Kennan Hardy,2543859,Nicholas Shepherd,7
360,Alden Nixon,2044506,Bevis Mcclure,8
361,Forrest Fields,1472123,Dalton Gallagher,8
362,Jacqueline Neal,1564251,Imelda Ruiz,1
363,Amir Wiggins,2587356,Samson Sandoval,3
364,TaShya Terrell,2398227,Dale Mendez,4
365,Flynn Head,1779697,Tara Gonzalez,10
366,Daniel Rosario,2491046,Iris Finch,6
367,Cairo Cline,2520315,Dahlia Copeland,2
368,Clare Riley,1096687,Britanni Dudley,1
369,Hillary Mayo,2687931,Isabella Middleton,2
370,Oren Rivas,1837726,Garth Hurst,3
371,Skyler Wells,1047213,Vincent Pittman,2
372,Addison Gonzalez,2003892,Nigel Frank,6
373,Wang King,1742741,Christopher Colon,3
374,Lucy Rocha,1142082,Hayden Rasmussen,9
375,Iona Patrick,2863008,Hall Walsh,3
376,Lester Goodwin,2681169,Preston Soto,5
377,Tobias Weber,1634631,Riley Whitley,5
378,Gavin Hamilton,1553439,Ray Berry,3
379,Tatum Donaldson,1046455,Elaine Bean,7
380,Fritz Hogan,2267665,Maggy Clayton,2
381,Ciara Benjamin,1321175,Odette Mcdaniel,6
382,Yen Harper,2083510,Clinton Roberts,4
383,Kim Hayden,2196637,Alan Estes,3
384,Jermaine Montgomery,2386856,Andrew Hickman,4
385,Ruth Cain,2633536,Ciaran Stuart,5
386,Alan Owen,2025555,Lucian Mccall,7
387,Ferdinand Brown,1603140,Jesse Potts,4
388,Anika Mason,2607720,Armand Bowman,1
389,Ezra Moon,2370713,Dana House,4
390,Brynne Levine,1147789,Cynthia Andrews,6
391,Bryar Chaney,2036313,Elmo Harrington,2
392,Rana Rojas,1085044,Ginger Owen,5
393,Reuben Williams,1661202,Jayme Gill,3
394,Mikayla Brown,1207599,Graiden Schwartz,3
395,Anastasia Frost,1903986,Finn Peters,4
396,Paula Duncan,1982198,Ora Middleton,1
397,Steven Boyd,2397707,Ursula Hutchinson,6
398,Alana Berger,1966484,Geraldine Wilcox,5
399,Quinlan Goff,2509571,Fatima Horn,4
400,Geraldine Barrera,1620757,Kevin Jordan,3
401,Zachery Irwin,2405337,Emery Gomez,4
402,TaShya Rollins,1147832,Nadine Dawson,6
403,Talon Burch,1257095,Gannon Vang,7
404,Dylan Burnett,2291863,Burton Potts,2
405,Tate Hahn,1834073,Hector Ingram,5
406,Judith Rosario,1562439,Megan Barber,2
407,Nell Moreno,2026365,Len Tran,9
408,Lucius Best,2501333,Isaac Bush,3
409,Akeem Moody,2996921,Kalia Ray,10
410,Brielle Poole,2320581,Alexandra Pope,2
411,Maile Rodriguez,2120765,Hanae Holland,3
412,Lana Walsh,1015836,Joel Richards,7
413,Odysseus Golden,1004314,Jamalia Mercer,5
414,Davis Bullock,2396444,Chanda Caldwell,2
415,Thomas Molina,2378125,Ronan Bentley,9
416,Leigh Foster,2933206,Alika Strong,5
417,Amaya Riley,2677582,Mira Burris,8
418,Charity Castaneda,2583322,Sarah Koch,6
419,Francis Higgins,2163689,Celeste Gates,5
420,Jorden Harrison,2797480,Cadman Mcintyre,8
421,Nicole Cherry,1559205,Chancellor Gutierrez,9
422,Craig Rios,1057587,Oleg Sears,2
423,Shellie Browning,2948945,Hollee Hyde,9
424,Emerson Moore,2240201,Lani Keller,5
425,Whoopi Meyer,2190381,Jenette Marsh,8
426,William Beard,1283220,Elton Wall,1
427,Morgan Bryan,1458275,Audrey Cain,9
428,Malik Alford,2217051,Kane Delacruz,3
429,Colorado Gordon,1817218,Malcolm Pope,9
430,John Mcclure,2339439,Tamara Prince,3
431,Odysseus Stuart,1162168,Mufutau Anthony,2
432,Sade Delacruz,2811300,Dale Riley,10
433,Penelope Carney,1732644,Ethan Jefferson,7
434,Noel Rios,1195970,Blake Cantrell,3
435,Thor Hudson,1873492,Portia Ortega,8
436,Keith Mcfarland,2739499,Cain Bates,5
437,Camilla Landry,2028776,Cailin Weiss,4
438,Jolie Deleon,2203067,Scarlett Huber,1
439,Jorden Mclean,1610018,Fulton Charles,8
440,Amery Barnett,2054160,Winter Bartlett,2
441,Brenna Strong,1204607,Brent Harmon,7
442,Tasha Cash,1718840,Hamish Mccullough,8
443,Phelan Hester,1184446,Scott Shannon,8
444,Illiana Farley,1790163,Charlotte Mccarty,4
445,Griffith Rhodes,2769419,Xantha Hale,4
446,Kane William,1159062,Jillian Washington,9
447,John Robertson,2323391,Clementine Gates,7
448,Raya Stafford,2623880,Griffin Jacobson,4
449,Galena Frederick,2814654,Flavia Sparks,8
450,Gloria Singleton,2975588,Chaim Berg,8
451,Evan Brooks,1214192,Piper Carey,6
452,Giacomo Valentine,1709806,Libby Barber,8
453,Simone Harmon,1069502,Preston Dunlap,8
454,Nolan Rodriguez,2821104,Quemby Peterson,4
455,Zeph O'brien,1999463,Kristen Craig,6
456,Mark Klein,2619167,Chastity Sparks,6
457,Jonah Tyler,1880577,Ethan Hardy,7
458,Yael West,2206248,Rigel Kirby,10
459,Aspen Merrill,2748459,Kiayada Nolan,7
460,Guinevere Herrera,2592919,Britanney Delacruz,5
461,Warren Larsen,1734140,Macon Huber,7
462,Rhona Reilly,2908762,Patricia Huff,8
463,Catherine Rowe,1253674,Ralph Blankenship,3
464,Wyoming Witt,1124445,Henry Barr,3
465,Kenyon Bishop,1586287,Martina Zimmerman,9
466,Amaya Garrett,1032075,Mohammad Benson,8
467,Callum Myers,1248940,Erasmus Wiggins,8
468,Jescie Avery,1529595,Alika Wall,4
469,Rooney Alexander,1157050,Vielka Rice,4
470,Lacota Valentine,2201134,Diana Robbins,8
471,Fallon Potts,2220532,Macon Walton,2
472,Jada Stevens,2187679,Darrel Hutchinson,3
473,Libby Flores,2787105,Uriel Rogers,4
474,Zenaida Weeks,2065475,Inga Spears,4
475,Sebastian Davis,1006641,Carlos Wheeler,6
476,Reuben Drake,1857199,Amena Bean,3
477,Fuller Warner,2207992,Whitney Nielsen,8
478,Eric Mcdonald,2869483,Martha Bates,3
479,Ezekiel Curry,2603010,Wendy Herman,8
480,Rhoda Schmidt,1809130,Garrett Dillard,6
481,Emi Howard,2801017,Dai Barlow,3
482,Thomas Howell,1074706,Calvin Cotton,7
483,Mannix Reyes,1684944,Veda Hodges,8
484,Lucy Oneil,2122144,Carson Hewitt,3
485,Katell Ashley,2654145,Lenore Tillman,6
486,Leigh Keller,1592395,Jael Ayala,5
487,Kirk Bernard,2544361,Fredericka Mclean,6
488,Jolene Davis,2104685,Wyoming Russell,3
489,Keelie O'Neill,2026401,Madison Montgomery,4
490,Silas Acevedo,2141024,Alan Valentine,8
491,Tiger Love,2115305,Remedios Curry,5
492,Katell Carson,1035210,Tanisha Head,9
493,Charde Burks,1717332,Galvin Molina,6
494,Amery Hendricks,2857353,Hermione Stokes,2
495,Xenos Cardenas,1570099,Helen Pitts,4
496,Flavia Mills,2098874,Leah Puckett,6
497,Micah Lindsey,2615397,Wang Perez,4
498,Marsden Sampson,1000796,Imelda Middleton,3
499,Uma Holman,1836780,Kasimir Juarez,6
500,Carl Wooten,1882648,Kermit Ross,5
501,Christen Mccormick,2006100,Macy Boyle,10
502,Porter Mosley,1269226,Alec Vincent,4
503,Hiroko Meyers,1953546,Baxter Abbott,2
504,Nayda Reyes,2003988,Clarke Church,4
505,Graham Cross,2159761,Colleen Randall,8
506,Desiree Maynard,2440413,Ciara Dixon,5
507,Nita Robinson,2152669,Leila Kelley,2
508,Quinn Noble,1031228,Herman Morgan,6
509,Alden Pierce,2600825,Rashad Hodge,7
510,Theodore Velez,1256250,Cynthia Atkins,7
511,Germaine Rosario,1635995,Margaret Walker,4
512,Kareem Fuentes,1794780,Melinda Hunt,3
513,Acton Knapp,2325446,Hamilton Hodge,2
514,Benedict Santana,1608111,Alika Best,4
515,Wing Ford,2724521,Nomlanga Jackson,9
516,Freya Willis,1597419,Otto Carlson,3
517,Desiree Russo,2392652,Winter Swanson,2
518,Hop Raymond,1288164,Moses Reed,8
519,Amanda Fitzpatrick,1359225,Eric Lawrence,3
520,Chiquita Hardin,2701017,Leilani Olsen,9
521,Athena Cleveland,1865669,Amy Hatfield,7
522,Nola Bean,1101582,Raphael Albert,6
523,Darius Vincent,1081401,Porter Reynolds,5
524,Callie Skinner,1497789,Burton Avery,3
525,Ignatius Robinson,1601050,Colby Myers,8
526,Jeanette Hawkins,1390900,Claire Hale,3
527,Sacha Hahn,2948453,Barbara Farrell,8
528,Reese Campbell,2446393,Uma Knight,9
529,Karina Grimes,2398784,Hannah Tanner,9
530,Graiden Duncan,1702513,Florence Ballard,2
531,Hiroko Wong,1473080,Victor Wall,2
532,Camden Bernard,1101092,Lana Silva,8
533,Clare Benson,1212792,Hayden Hester,8
534,Brennan Joseph,2852810,Josiah Petty,4
535,Maxwell Wood,2536746,Drew Knight,4
536,Samson Crane,1343945,Jolene Alston,4
537,Alisa Snow,2319276,Knox Underwood,7
538,Lucy Fuentes,2130349,Roth Gregory,2
539,Lysandra Vang,2618483,Bradley Greene,7
540,Bernard Donaldson,1171907,Ariel Berry,10
541,Kameko Gregory,2080033,Quinlan Russell,6
542,Teegan Rojas,2343957,Priscilla Cox,7
543,Maggy Willis,2104478,Asher Mitchell,5
544,Wyoming Nguyen,2233366,Idola Morris,8
545,Kylie Gonzales,1403236,Conan Mcgee,4
546,Cara Blanchard,2831129,Levi Chandler,2
547,Jane Guy,1661609,Roanna Stewart,7
548,Amber Levine,1834596,Griffin David,6
549,Hedda Hardin,1609294,Fleur Roach,3
550,Ralph Douglas,1475336,Chester Little,5
551,Orla Sharpe,1046295,Cleo Kelly,5
552,Eve Cortez,1308476,Malcolm Bolton,9
553,Felix Vaughan,1242760,Daria Lindsay,4
554,Kirby Garrison,2541868,Guinevere Becker,10
555,Caesar Fischer,2077623,India Griffin,8
556,Aileen Wade,2303803,Hyatt Russell,2
557,Dennis Ellis,1626022,Lee Guy,6
558,Kyla Avila,1850262,Ishmael Barker,4
559,Flynn Rowland,1075367,Tatiana Wong,2
560,Brady Ross,2382814,Kenneth Kelly,10
561,Carter Velazquez,2503921,Bernard Turner,2
562,Paloma Hutchinson,2174131,Xander Nolan,3
563,Ayanna Hays,2700839,Regan Rocha,8
564,Hilda Garza,1609406,Julie Mejia,3
565,Quemby Church,1751239,Finn Stuart,3
566,Timothy Davis,1676004,Kimberly Tate,5
567,Dennis Mooney,1972425,Denton Anderson,4
568,Roanna Mclaughlin,2915219,Ora Fox,7
569,Melinda Trevino,1999624,Lucian Wise,9
570,Judah Schroeder,2002440,Shannon Rutledge,3
571,Baxter Wilkinson,1322595,Cailin Willis,4
572,Medge Mccoy,1798608,Sybill Patton,8
573,Abbot Bender,2853769,Leroy Flores,9
574,Myra Kirk,2969343,Xander Keith,6
575,Abdul Larson,2143677,Lucian Mendez,5
576,Jacob Brady,1857953,Silas Richards,8
577,Dustin Roberson,2908965,Barrett Hyde,6
578,Alvin Medina,1259036,Cheyenne Dyer,10
579,Damon Sanchez,2036296,Rana Ramos,7
580,Mona Mayo,2691974,Trevor Holmes,2
581,Lydia Bowman,1211678,Alvin Washington,2
582,Nigel Sloan,1271177,Fatima Bradley,6
583,Francis Dennis,2824795,Brian Stephenson,3
584,Rhoda Moore,2219912,Ivory Wood,8
585,Louis Fulton,1870149,Benedict Hoover,9
586,Lewis House,2863796,Magee Mercado,5
587,Mallory Hampton,1602700,Hedley Taylor,9
588,Jameson Paul,2018540,Robert Goodwin,7
589,Elvis Haynes,2217925,Tanek Gonzalez,9
590,Paul Conner,1638664,Akeem Head,6
591,Kelly Collins,2750793,Cairo Ochoa,5
592,Cameron Riddle,1947930,Olga Mcconnell,4
593,Nayda Campos,2073605,Dustin Walter,3
594,Walter Torres,1799750,Guy Pitts,9
595,Kieran Gillespie,2395478,Sybil Alvarez,7
596,Lysandra Diaz,1062710,Candice Austin,5
597,Kirk Brewer,2314196,Graham Griffin,5
598,Allistair Miles,2888680,Yardley Calhoun,10
599,Kadeem Decker,2953779,Hayden Sparks,2
600,Sybill Yang,1498152,Ignatius Holland,3
601,Avram Delacruz,1082605,Maggy Wise,7
602,Gail Barlow,2330119,May Conley,9
603,Lewis Hall,2287689,David Walters,1
604,Dolan Hopper,2423737,Guy Patel,2
605,Aileen Humphrey,1872083,Cadman Sutton,7
606,Rhiannon Thompson,1741155,Raymond Koch,2
607,Gabriel Rojas,2335091,Knox Finch,7
608,September Villarreal,1920652,Montana Simon,1
609,Nevada Campbell,2831466,Rinah Dennis,4
610,Nathaniel Mullen,2187180,Sonia Cash,7
611,Kelly Mcmahon,1960163,Rama Brock,6
612,Perry Park,1298807,Darryl Holloway,7
613,Lucy Barrera,2745440,Pascale Randolph,4
614,Paula York,2066400,Hiroko Fulton,4
615,Sopoline Wilkerson,2245528,Erasmus Allen,5
616,Hedwig Burris,1057167,Latifah Pace,7
617,Chandler Hicks,2392988,Ignatius Barrett,2
618,Yoshio Ferguson,2665534,Bianca Gallagher,3
619,Berk Booker,2877471,Mira Carey,3
620,Kylan Gonzales,2483922,Macon Cleveland,8
621,Sasha Gray,2771878,India Mcfarland,7
622,Kameko Eaton,1220926,Dustin Glass,4
623,Ezra Lynch,1211481,Anastasia Bean,7
624,Carissa Knight,1352282,Cole Castaneda,3
625,Solomon Walsh,2368692,Summer Burris,7
626,Logan Little,1614986,Henry Frazier,4
627,Neville Conrad,2157532,Sade Patterson,4
628,Hamish Herrera,1618806,Anthony Hickman,4
629,Allegra Mays,1282097,Aurora Livingston,9
630,Hadley Bright,2058543,Dexter Mcclure,6
631,Curran Dennis,1514813,Hilda Kinney,3
632,Maggy Tillman,2498940,Audra Cantu,4
633,Fleur Perry,1080381,Igor Chang,5
634,Cara Hoffman,1110051,Althea Mckinney,10
635,Pamela Fry,2797776,Angelica Booker,7
636,Kyra Sherman,1435929,Marcia Berg,5
637,Willa Hopkins,2781947,Dorian Mills,4
638,Donovan Morin,2763615,Cullen Case,9
639,Martena Stafford,2681800,Althea Conway,7
640,Imani Ferguson,2740553,Basia Strong,9
641,Ishmael Roy,1788954,Ann Buchanan,6
642,Burke Kim,2778875,Richard Bailey,5
643,Fletcher Mcmahon,1299647,Desiree Nelson,7
644,Patience Harper,1725511,Madonna Santos,1
645,Kenneth Oneil,2142177,Bianca Erickson,6
646,Clayton Bush,1921795,Asher Freeman,1
647,Keefe Lambert,1013947,Jesse Suarez,6
648,McKenzie Rollins,1319344,Logan Andrews,7
649,Wesley Patton,2745790,Nicholas Mckay,5
650,Audrey Mccullough,1484957,Thor Michael,2
651,Dane Short,1950583,Alvin Holland,9
652,Solomon Ayala,2602304,Perry Pace,10
653,Yardley Cohen,2313170,Jennifer Sexton,6
654,Joel Mercado,1651032,Zephr Rich,6
655,Blythe Bruce,1701267,Benjamin Fitzpatrick,9
656,Wang Norris,2177627,Drew Booker,5
657,Moana Shepherd,1717175,Veda Benson,3
658,Lael Rios,1734832,Aimee Fitzgerald,7
659,Cole Kerr,1717036,Whilemina Morales,7
660,Bell Roberts,2914715,Bryar Burch,8
661,Demetria Burks,1374430,Patience Huff,9
662,Octavius Goodwin,2898157,Sybil Velasquez,7
663,Beau Patel,1163522,Julie Sheppard,1
664,Nayda Lott,2516240,Brianna Reed,1
665,Alika Webb,2469788,Simon Buchanan,9
666,Wanda Miranda,2167854,Magee Lindsey,2
667,Linda Briggs,2771861,Dillon Faulkner,2
668,Kyle Rice,1891458,Fuller Sims,7
669,Tyler Chen,1860604,Kiara Compton,9
670,Rama Wheeler,2998363,Dominique Robertson,9
671,Kibo Tran,2804780,Tamara Riggs,1
672,Randall Berger,2735831,Nash Goodwin,9
673,Rana Hampton,2065622,Yen Shaffer,3
674,Sierra Osborne,1650544,Ainsley Rivera,8
675,Echo Mercer,2858331,Ethan Lang,2
676,Fiona Michael,1553843,Clio Fuentes,4
677,Merritt Cook,2746065,Germaine Travis,2
678,Renee Woodard,1396932,Lamar Greer,2
679,Yuri Kennedy,2614519,Keith Stanley,9
680,Carl Valentine,2049452,Astra Chavez,4
681,Hu Maldonado,2196150,Caesar Chen,10
682,Alice Bartlett,1203159,Amber Waters,3
683,Lana Mcintosh,2653728,Madaline Wood,5
684,Declan Duke,1196547,Minerva Riley,3
685,Kasper Moss,1021308,Madaline Heath,2
686,Yen Nicholson,2267036,Quynn Meyer,1
687,Hedwig Mcknight,2577201,Bo Abbott,2
688,Marvin Shaffer,2462059,Cherokee Thornton,6
689,Griffith Le,1749507,Thane Walters,1
690,Jack Potter,1967855,Emi Mckay,10
691,Tamara Dennis,2313207,Carson Parrish,9
692,Chloe Mosley,2972653,Deanna Kinney,6
693,Hunter Raymond,2253552,Hanae Kelly,8
694,Jaime Miller,1888370,Thomas Mills,2
695,Andrew Cross,2843807,Eliana Dalton,5
696,Alea Valenzuela,2214630,Ray Buckner,9
697,Britanney Powell,1108784,Daphne Stevenson,6
698,Darius Holcomb,1869819,Wang Cortez,1
699,George Montgomery,2088329,Emmanuel Dyer,9
700,Steven Spencer,2922065,Kiara Lopez,6
701,Lacey Hoffman,1896975,Randall Watson,3
702,Justin Gould,2640422,Sopoline Harris,4
703,Hilary Mayo,2037540,Melanie Gates,9
704,Reese Stanton,2013989,Jocelyn Wooten,4
705,Chase Zamora,2059141,Knox Underwood,7
706,Griffith Pitts,1669309,Tallulah Frazier,5
707,Leigh Hill,1061233,Renee Perry,4
708,Charity Logan,2443367,Aquila Simmons,6
709,Tad Garza,1093775,Kimberly Crosby,6
710,Dalton Fletcher,2511288,Carlos Tyler,10
711,Beverly Mullins,1944952,Yen Foreman,5
712,Uma Wade,2187365,Sonia Dejesus,7
713,Constance Reid,2728331,Barrett William,4
714,Driscoll Donaldson,1615633,Salvador Mcfarland,1
715,Beverly Mayo,2697839,Megan Collier,9
716,Price Richardson,2680869,Gregory Madden,1
717,Odessa Tucker,2896993,Tana Tran,2
718,Xenos Gibbs,1702408,Aileen Holt,2
719,Raymond Wallace,1975097,Susan Weaver,7
720,Hall Garrett,2082887,Theodore Bailey,3
721,Abra Whitney,1279607,Samantha Romero,7
722,Zane Peck,2107507,Kylie Zamora,5
723,Kathleen Foreman,2372918,Baxter Noble,10
724,Elton Pugh,1421808,Quintessa Cain,2
725,Kellie Waters,1855597,Xaviera Allison,5
726,Brynn Stout,2788653,Hector Christian,2
727,Indigo Cruz,1870748,Bianca Woodward,4
728,MacKensie Nichols,1897737,Gary Ingram,8
729,Chase Campbell,1546259,Tasha Morales,5
730,Jolie Chambers,1183351,Diana Henson,10
731,Sophia David,2548373,Pearl Riggs,6
732,Frances Tanner,1966445,Autumn Callahan,8
733,Brandon Hopper,2963712,Regan Alston,8
734,Oscar O'Neill,2333523,Tate Gould,8
735,Maisie Kim,1378078,Jada Lindsay,4
736,Stephanie Cherry,2273024,Timothy Wagner,9
737,Melissa Fuentes,2532604,Liberty Berger,7
738,Sharon Doyle,1994810,Kerry Pickett,3
739,Dillon Carrillo,1476443,Ishmael Bray,7
740,Baker Barnett,1325226,Carl Hendrix,2
741,Burke Snow,2307106,Xander Ramsey,9
742,Kyra Burke,2211342,Ingrid Ramirez,8
743,Wallace Lowe,2636876,Plato Trujillo,1
744,Mercedes Glenn,2922681,Cullen Clemons,7
745,Amaya Walls,2399557,Isabella Stanley,8
746,Reece Carroll,1975154,Jared Ewing,6
747,Zia James,1685399,Amber Donaldson,5
748,Joan Vaughan,2195789,Rigel Decker,1
749,Ruby Johnston,2146473,Althea Dean,9
750,Howard Burt,1380830,Molly Levine,9
751,Addison Moody,1130731,Aladdin Henson,2
752,Jasper Smith,1080212,Alvin West,1
753,Adrian Pratt,2146846,Ahmed Perkins,2
754,David Haynes,2776060,Jael Abbott,8
755,Odessa Alston,1774830,Alec Carpenter,4
756,Ciaran Rivas,1249829,Gareth Zamora,4
757,Caesar Watkins,1226433,MacKenzie Mckinney,5
758,Sylvester Spence,2044447,Murphy Chan,2
759,Graiden Chang,1234276,Leonard Haney,4
760,Andrew Parsons,1876546,Alice Slater,10
761,Charissa Horne,1379341,Gil Glass,3
762,Macon Mccray,1333920,Judah Garrison,5
763,Deirdre Guerra,1604354,Kennedy Bell,7
764,Damian Ramos,2492169,Kadeem Blake,2
765,Colorado Trujillo,2612609,Coby Walsh,2
766,Kessie Stein,2602239,Harper Barber,4
767,Stewart Gates,2464249,Jorden Horne,8
768,Josephine Hood,2025378,Myles Mclaughlin,9
769,Rosalyn Nielsen,1822974,Armand Mcgee,2
770,Declan Ortiz,1743148,Porter Stein,1
771,Phelan Mendez,2405197,Allistair Harrison,2
772,Karyn Gillespie,1388042,Lydia Frank,10
773,Slade Craig,2816915,Yasir Sloan,7
774,Thane Mcmahon,1766334,Richard Morrow,2
775,Jasper Bailey,2935091,Noelle Phelps,1
776,Xantha Cannon,2947347,Cody Dudley,7
777,Montana Leon,1473016,Tiger Bender,8
778,Damian Knox,1025740,Laura Hess,8
779,Aurora Robles,1094249,Sebastian Sawyer,4
780,Diana Parrish,2897605,Zenaida Cooper,8
781,Jerome Aguilar,2979804,Lisandra Luna,5
782,Branden Ortega,2816281,Joelle Key,3
783,Mark Brewer,2775426,Madison Davis,6
784,Regan Whitehead,1046917,Freya Cabrera,8
785,Xantha Schneider,2462676,Sacha Shaffer,7
786,Ivory Nash,1616829,Moana Vance,6
787,Maya Washington,1483734,Kyle Butler,4
788,Kenneth Gould,2801804,Wyatt Buckley,6
789,Reed Hunt,2326426,Chester Lott,6
790,Malachi Hudson,1454293,Macon Blanchard,5
791,Paki Brennan,2598710,Kellie Horn,8
792,Carla Roberts,1560090,Raphael Hale,8
793,Amela Bray,1405935,Yvette Alston,4
794,Kirsten Huber,2737981,Vanna Strong,5
795,Iliana Hudson,1058701,Violet Morgan,7
796,Patrick Rasmussen,1736239,Virginia Carson,3
797,Amity Ramos,2163793,Brynne Warner,5
798,Lamar Kramer,1823784,Dieter Vasquez,8
799,Justine Hicks,1194600,Jocelyn Foreman,2
800,Zena Avila,1743946,Mark Haney,4
801,Walter Powers,1823368,Ezra Andrews,3
802,Nasim Abbott,2544289,Briar Sullivan,4
803,Hashim Bennett,2076557,Marcia Carver,8
804,Kermit Pugh,2246271,Paki Kline,2
805,Amery Crane,1119018,Clare Matthews,3
806,Erica Riddle,2910705,Meredith Moss,6
807,Mufutau Sanford,2864503,Daria Payne,7
808,Lucius Clayton,1224760,McKenzie Guerrero,4
809,Madeline Holcomb,1793607,Nichole Blackwell,1
810,Alan Clements,1743777,Marvin Mayo,4
811,Abigail Levy,1387978,Hyatt Mcfadden,6
812,Glenna Maxwell,2560358,Claudia May,7
813,Gregory Ray,1242622,Tatyana Hall,2
814,Ava Quinn,1248918,Craig Kennedy,5
815,Kane Wood,2670067,Tyler Wilkerson,7
816,Castor Prince,1662827,Paloma Strong,4
817,Ali Cohen,2612729,Moana Estrada,2
818,Donna Gaines,1724157,Morgan Solomon,1
819,Amanda Alston,1877155,Walter Dalton,8
820,Shana Alexander,2924440,Urielle Olson,4
821,Amity Mccullough,2017642,Gary Foley,4
822,Tana Ayers,1637765,Sylvia Glass,7
823,Odessa Church,2962627,Dylan Savage,7
824,Kato Shields,1494813,Dennis Hardin,8
825,Hayfa Baker,2239582,Hasad Chase,4
826,Adena White,1600117,Cedric Glenn,6
827,Maisie David,1539458,Fulton Williamson,2
828,Branden Jordan,1556408,Stuart Norton,4
829,Breanna Silva,1416815,Michelle Hester,9
830,Ocean Garcia,2673031,Alden Vinson,3
831,Hayfa Herring,1217069,Jameson Pugh,8
832,Abel Cleveland,1900800,Price Garner,6
833,Ariana Hayden,2524236,Chelsea Buck,7
834,Christian Hodges,1044495,Fredericka Roach,4
835,Marvin Sheppard,1510507,Nathan Marshall,3
836,Donna Duke,2758412,Demetrius Faulkner,4
837,Tucker Curry,2267449,Hector Marks,7
838,Bruno Silva,1062791,Patricia Benjamin,4
839,Roth Dillon,2759114,Rashad Fields,2
840,Fleur Ward,1727615,Tanek Massey,7
841,Lucy Duke,2552015,Hoyt Figueroa,3
842,Kennan Guy,2016104,Benjamin Schmidt,8
843,Danielle Vaughn,1452925,Curran Reed,2
844,Kadeem Burris,2906046,Acton Levine,2
845,Kevyn David,2521072,Wang Joseph,9
846,Dalton Randolph,2240384,Lavinia Chang,5
847,Scott Barton,2300759,Gregory Reid,5
848,Uriah Sellers,2310401,Rhoda Newton,3
849,Sydnee Pitts,2353853,Aristotle Fields,1
850,Bruno Pena,2636317,Amy Schmidt,7
851,Tasha Randolph,2817766,Elton Weaver,9
852,Rashad Lambert,2017385,Amaya Wagner,3
853,Candice Rowland,1858657,Beatrice Williamson,4
854,Dane Sims,1313015,Eugenia Hunt,8
855,Lawrence Hartman,2098626,Basil Sweeney,2
856,Alexander Wells,2903332,Christopher Lindsay,4
857,Josiah Holcomb,2900279,Kadeem Hill,5
858,Piper Fuentes,1443669,Marsden Washington,2
859,David Gordon,1997817,Patricia Whitaker,3
860,Amir Travis,2077800,Alexandra Mccray,7
861,Marah Gordon,1224037,Keelie Scott,6
862,Hiroko English,2204827,Kylee Gallagher,9
863,Keiko Stanley,2187641,Ignatius Andrews,10
864,Megan Lane,2987721,Stewart Estrada,5
865,Kelsie Moses,2730913,Allen Allison,4
866,Timon Dudley,1119240,Finn Cantrell,6
867,Irene Harris,2854400,Thane Sutton,7
868,Amethyst Joyner,1154720,Cruz Drake,6
869,Ethan Mcmillan,1219395,Phillip Sweeney,3
870,Zahir Pennington,2771404,Norman Sears,10
871,Timothy Riddle,1615684,Karleigh Perkins,8
872,Geoffrey Marks,2544239,Gareth Frost,4
873,Nerea Moss,2853056,Inga Boone,2
874,Zelda Moon,1281160,Halla May,5
875,Jesse Cabrera,2874636,Larissa Delacruz,3
876,Craig Salas,1141916,Mariam Dalton,9
877,Otto Aguirre,1703285,Cody Santos,9
878,Bethany Moon,2631631,Benedict Rios,5
879,Josephine Hoover,2689036,Lysandra Rich,9
880,Christine Kirk,2640896,Bo Norman,7
881,Raven Hoover,2415311,Jada Cannon,8
882,Mason Weaver,1080584,Melvin Weiss,2
883,Brandon Mitchell,1972188,Aidan Jenkins,6
884,Claudia Turner,1884278,Iris Baird,10
885,Deacon Sampson,2420583,Isabella Arnold,4
886,Keith Alford,1528076,Ruth Crosby,6
887,Erin Newman,1653916,Rowan Hines,3
888,Germane Lang,1870209,Hop Maxwell,4
889,Nell Vega,2350525,Rebekah Bishop,8
890,Rafael Koch,2615597,Gisela Mitchell,3
891,Kasimir Schultz,1606494,Dorothy Lancaster,9
892,Constance Bean,1925891,Robin Salinas,4
893,Ulric Garrett,1273470,Whoopi Dean,5
894,Sharon Mcintosh,1460917,Katell Pitts,2
895,Luke Moon,2656004,Risa Olsen,8
896,Hakeem Moore,2884004,Desirae Lara,6
897,Brady Weeks,1036646,Indira Irwin,3
898,Amber Mullins,2305584,Ruby Duffy,6
899,Francis Key,2768821,Castor Weber,4
900,Nathan Vance,2635474,Skyler Hancock,3
901,Eugenia Matthews,2056309,Quentin Golden,10
902,Sebastian Hopper,2921842,Declan Benjamin,2
903,Ingrid Bean,1135939,Freya Hogan,3
904,Maxine Mcmillan,2312123,Addison Donaldson,6
905,Lee Mack,2995152,Maxine Jackson,3
906,Benedict Aguilar,1242341,Valentine Case,10
907,Keegan Moss,1418829,Hanae Cochran,2
908,Cecilia Cameron,1291779,Jillian Bradley,4
909,Alvin Sheppard,2492620,Kennedy Guerrero,8
910,Neville Marsh,1747756,Rudyard Lancaster,4
911,September Witt,1068533,Xandra Salas,4
912,Reese Bailey,1491777,Gannon Hernandez,4
913,Harper Suarez,1297702,George Guthrie,5
914,Linus Walton,1264095,Rajah Chaney,9
915,Kay Thornton,1654435,Aspen Bullock,8
916,Yeo Day,1997108,Jeanette Ramos,2
917,Iliana Guerra,1608431,Noel Schroeder,5
918,Tate Stephens,2028665,Hyacinth Reed,10
919,Arden Navarro,1180677,Reagan Blackburn,10
920,Frances Dudley,1505456,Murphy Mcguire,5
921,Andrew Mckinney,2727757,Erica Montoya,2
922,Yoshio Merrill,2352857,Bethany Medina,6
923,Peter Alston,2315915,Hyacinth Galloway,8
924,Mufutau Lindsay,2015611,Adele Barber,7
925,Branden Huffman,2134639,Emily Cameron,8
926,Ocean Graham,2199567,Grady Nolan,10
927,Kirby Goodman,2889723,Riley Rivera,9
928,Aristotle Watson,2477645,Idona Huber,2
929,Harlan Stevens,1248690,Lillian Russo,6
930,Brian Britt,1073778,Cleo Kelley,9
931,Bruno Fitzgerald,1809144,Halla Campos,3
932,Darryl Trevino,2897582,Anika Blackwell,9
933,Chloe Barrett,1336050,Rahim Baldwin,5
934,Demetrius Burt,1394459,Demetrius Hamilton,7
935,Merritt Foley,2207708,Clinton Hebert,1
936,Reuben English,2805196,Ava Calderon,8
937,Camilla Lowe,2747635,Dalton David,6
938,Chancellor Cain,2678203,Nigel Lynn,6
939,Stephen Rivas,1920448,Aileen Mccarty,3
940,Cheryl Avila,1796954,Nash George,8
941,Timon Foster,1784816,Raja Wong,10
942,Sebastian Harper,2347591,Cailin Henry,9
943,Ariana Duncan,1475228,Tashya Holman,5
944,Regina Lambert,2484655,Dalton Melton,9
945,Lacota Delacruz,2762192,Lillian Hooper,3
946,MacKensie Jordan,1897502,Aidan Schneider,1
947,Oscar Sears,1126621,Lydia Wall,1
948,Kadeem Herman,2119181,Tobias Rowland,9
949,Igor Velez,2427602,Kyla Atkinson,5
950,Karen Harvey,2079002,Caleb Phelps,6
951,Dean Ramirez,2938361,Myles Sanders,5
952,Wyatt Slater,1323394,Lilah Sheppard,3
953,Keefe Jimenez,2289789,Arthur Delaney,9
954,Coby Burton,1199701,Mason Blackwell,9
955,William Hughes,2644576,Lucius Britt,9
956,Joy Yang,1057377,Amery Douglas,6
957,Calista Silva,1749889,Sylvester Whitley,6
958,Matthew Dotson,2618759,Jesse Houston,4
959,Byron Hanson,2917177,Julian Petty,9
960,Dominic Ortega,1751188,Roary Black,4
961,Alden Mcknight,1465011,Julian Mcfarland,7
962,Otto Kidd,1930286,Elliott Ryan,4
963,Marvin Bradley,1724220,Brent Soto,10
964,Inez Brady,1765623,Janna Osborne,3
965,Burton Gaines,2739572,Ulric Robinson,6
966,John Bender,2924474,Christopher Rogers,8
967,Morgan Horne,1894280,Mannix Mejia,8
968,Leslie Chan,2623678,Leonard Freeman,4
969,Rudyard Figueroa,2333577,Neil Rivera,9
970,Maia Russell,2287404,Nero Glenn,7
971,Luke Mcleod,1498567,Steven Castillo,9
972,Castor Schwartz,2595343,Ori Cochran,8
973,Hedda Charles,1081158,Nora Melendez,8
974,Heidi Velasquez,2028801,Meredith Alexander,3
975,Nevada English,2903532,Malachi Lucas,9
976,Suki Sanders,2813534,Haley Wagner,8
977,Olympia Roth,1799523,Devin Bryant,7
978,Xaviera Tate,1078267,Madaline Forbes,6
979,Chadwick Nichols,2593855,Malik Cortez,8
980,Ralph Wall,1133710,Alexis Mayer,10
981,Faith Weaver,2879284,Shelby Oliver,5
982,Burton Meyers,2791048,Kamal Gould,2
983,Yardley Shelton,2028541,Serina Bailey,3
984,Raya Ryan,1934804,Camille Ramsey,2
985,Dorian Banks,1952598,Jolene Adkins,2
986,Sonya Underwood,1426980,Honorato Duke,9
987,Xanthus Gallagher,2883707,Gray Huber,10
988,Isaac Wooten,2786676,Hasad Herring,10
989,Mia Hardin,1919694,Jackson Rivera,7
990,Farrah Barton,2839758,Desirae Bailey,1
991,Kirestin Sutton,2242321,Jillian Ferrell,8
992,Armand Puckett,1959490,Riley Mercer,8
993,Madaline Gonzales,1346637,Laurel Berger,3
994,Angelica Norman,1561126,Dexter Dickerson,3
995,Jerry Snyder,1222093,Christine Velazquez,4
996,Aaron Mooney,2891623,Adrian Grant,9
997,Alfonso Jimenez,1046243,Elton Strong,6
998,Mannix Terry,1925598,Amos Becker,3
999,Helen Horne,2772822,Rhiannon Harris,4
1000,Cecilia Rocha,2622724,Hunter Mcneil,9
